{
    "rmse": 0.7904068390125983,
    "mae": 0.64429047692174,
    "r2": -0.018705397324283224
}