{
    "rmse": 0.7880437926257637,
    "mae": 0.6380271213813085,
    "r2": -0.012623340426283214
}